country,location_count,date
AE,4,2024-09-30
AR,17,2024-09-30
AT,84,2024-09-30
AU,481,2024-09-30
AX,1,2024-09-30
BE,89,2024-09-30
BG,3,2024-09-30
BH,1,2024-09-30
BM,1,2024-09-30
BR,6,2024-09-30
CA,511,2024-09-30
CH,40,2024-09-30
CL,1,2024-09-30
CN,3,2024-09-30
CO,1,2024-09-30
CR,1,2024-09-30
CZ,11,2024-09-30
DE,138,2024-09-30
DK,35,2024-09-30
DO,1,2024-09-30
EE,2,2024-09-30
ES,84,2024-09-30
FI,107,2024-09-30
FR,275,2024-09-30
GB,176,2024-09-30
GE,1,2024-09-30
GG,1,2024-09-30
GI,1,2024-09-30
GR,6,2024-09-30
HK,3,2024-09-30
HR,5,2024-09-30
HU,24,2024-09-30
ID,2,2024-09-30
IE,7,2024-09-30
IL,18,2024-09-30
IN,1,2024-09-30
IT,96,2024-09-30
JP,78,2024-09-30
LT,1,2024-09-30
LU,3,2024-09-30
MV,1,2024-09-30
MX,10,2024-09-30
MY,1,2024-09-30
NC,1,2024-09-30
NL,80,2024-09-30
NO,13,2024-09-30
NZ,63,2024-09-30
PA,1,2024-09-30
PH,1,2024-09-30
PL,52,2024-09-30
PR,1,2024-09-30
PT,11,2024-09-30
RO,2,2024-09-30
RS,5,2024-09-30
RU,1,2024-09-30
SE,85,2024-09-30
SG,3,2024-09-30
SI,4,2024-09-30
SK,2,2024-09-30
SM,1,2024-09-30
TH,9,2024-09-30
TR,6,2024-09-30
TW,7,2024-09-30
US,8080,2024-09-30
VE,1,2024-09-30
VI,2,2024-09-30
ZA,10,2024-09-30
AE,4,2024-10-07
AR,17,2024-10-07
AT,84,2024-10-07
AU,482,2024-10-07
AX,1,2024-10-07
BE,89,2024-10-07
BG,3,2024-10-07
BH,1,2024-10-07
BM,1,2024-10-07
BR,6,2024-10-07
CA,512,2024-10-07
CH,40,2024-10-07
CL,1,2024-10-07
CN,3,2024-10-07
CO,1,2024-10-07
CR,1,2024-10-07
CZ,11,2024-10-07
DE,139,2024-10-07
DK,35,2024-10-07
DO,1,2024-10-07
EE,2,2024-10-07
ES,85,2024-10-07
FI,107,2024-10-07
FR,275,2024-10-07
GB,176,2024-10-07
GE,1,2024-10-07
GG,1,2024-10-07
GI,1,2024-10-07
GR,6,2024-10-07
HK,4,2024-10-07
HR,5,2024-10-07
HU,24,2024-10-07
ID,2,2024-10-07
IE,7,2024-10-07
IL,18,2024-10-07
IN,1,2024-10-07
IT,96,2024-10-07
JP,78,2024-10-07
LT,1,2024-10-07
LU,3,2024-10-07
MA,1,2024-10-07
MV,1,2024-10-07
MX,10,2024-10-07
MY,1,2024-10-07
NC,1,2024-10-07
NL,80,2024-10-07
NO,13,2024-10-07
NZ,64,2024-10-07
PA,1,2024-10-07
PH,1,2024-10-07
PL,53,2024-10-07
PR,1,2024-10-07
PT,11,2024-10-07
RO,2,2024-10-07
RS,5,2024-10-07
RU,1,2024-10-07
SE,87,2024-10-07
SG,3,2024-10-07
SI,4,2024-10-07
SK,2,2024-10-07
SM,1,2024-10-07
TH,9,2024-10-07
TR,6,2024-10-07
TW,7,2024-10-07
US,8076,2024-10-07
VE,1,2024-10-07
VI,2,2024-10-07
ZA,10,2024-10-07
AE,4,2024-10-14
AR,17,2024-10-14
AT,84,2024-10-14
AU,481,2024-10-14
AX,1,2024-10-14
BE,89,2024-10-14
BG,3,2024-10-14
BH,1,2024-10-14
BM,1,2024-10-14
BR,6,2024-10-14
CA,514,2024-10-14
CH,40,2024-10-14
CL,1,2024-10-14
CN,3,2024-10-14
CO,1,2024-10-14
CR,1,2024-10-14
CZ,11,2024-10-14
DE,141,2024-10-14
DK,35,2024-10-14
DO,1,2024-10-14
EE,2,2024-10-14
ES,86,2024-10-14
FI,107,2024-10-14
FR,276,2024-10-14
GB,173,2024-10-14
GE,1,2024-10-14
GG,1,2024-10-14
GI,1,2024-10-14
GR,6,2024-10-14
HK,4,2024-10-14
HR,5,2024-10-14
HU,24,2024-10-14
ID,2,2024-10-14
IE,7,2024-10-14
IL,18,2024-10-14
IN,1,2024-10-14
IT,96,2024-10-14
JP,78,2024-10-14
LT,1,2024-10-14
LU,3,2024-10-14
MA,1,2024-10-14
MV,1,2024-10-14
MX,10,2024-10-14
MY,1,2024-10-14
NC,1,2024-10-14
NL,80,2024-10-14
NO,13,2024-10-14
NZ,64,2024-10-14
PA,1,2024-10-14
PH,1,2024-10-14
PL,53,2024-10-14
PR,1,2024-10-14
PT,11,2024-10-14
RO,2,2024-10-14
RS,5,2024-10-14
RU,1,2024-10-14
SE,87,2024-10-14
SG,3,2024-10-14
SI,4,2024-10-14
SK,2,2024-10-14
SM,1,2024-10-14
TH,9,2024-10-14
TR,6,2024-10-14
TW,7,2024-10-14
US,8081,2024-10-14
VE,1,2024-10-14
VI,2,2024-10-14
ZA,10,2024-10-14
AE,4,2024-10-21
AR,17,2024-10-21
AT,85,2024-10-21
AU,484,2024-10-21
AX,1,2024-10-21
BE,88,2024-10-21
BG,3,2024-10-21
BH,1,2024-10-21
BM,1,2024-10-21
BR,6,2024-10-21
CA,513,2024-10-21
CH,40,2024-10-21
CL,1,2024-10-21
CN,3,2024-10-21
CO,1,2024-10-21
CR,1,2024-10-21
CZ,11,2024-10-21
DE,143,2024-10-21
DK,35,2024-10-21
DO,1,2024-10-21
EE,2,2024-10-21
ES,86,2024-10-21
FI,108,2024-10-21
FR,280,2024-10-21
GB,172,2024-10-21
GE,1,2024-10-21
GG,1,2024-10-21
GI,1,2024-10-21
GR,6,2024-10-21
HK,4,2024-10-21
HR,5,2024-10-21
HU,24,2024-10-21
ID,2,2024-10-21
IE,7,2024-10-21
IL,18,2024-10-21
IN,1,2024-10-21
IT,96,2024-10-21
JP,78,2024-10-21
LT,1,2024-10-21
LU,3,2024-10-21
MA,1,2024-10-21
MV,1,2024-10-21
MX,10,2024-10-21
MY,1,2024-10-21
NC,1,2024-10-21
NL,82,2024-10-21
NO,13,2024-10-21
NZ,63,2024-10-21
PA,1,2024-10-21
PH,1,2024-10-21
PL,53,2024-10-21
PR,2,2024-10-21
PT,11,2024-10-21
RO,2,2024-10-21
RS,5,2024-10-21
RU,1,2024-10-21
SE,87,2024-10-21
SG,3,2024-10-21
SI,4,2024-10-21
SK,2,2024-10-21
SM,1,2024-10-21
TH,9,2024-10-21
TR,6,2024-10-21
TW,7,2024-10-21
US,8088,2024-10-21
VE,1,2024-10-21
VI,2,2024-10-21
ZA,10,2024-10-21
AE,4,2024-10-28
AR,17,2024-10-28
AT,85,2024-10-28
AU,483,2024-10-28
AX,1,2024-10-28
BE,88,2024-10-28
BG,3,2024-10-28
BH,1,2024-10-28
BM,1,2024-10-28
BR,6,2024-10-28
CA,517,2024-10-28
CH,40,2024-10-28
CL,1,2024-10-28
CN,3,2024-10-28
CO,1,2024-10-28
CR,1,2024-10-28
CZ,11,2024-10-28
DE,145,2024-10-28
DK,35,2024-10-28
DO,1,2024-10-28
EE,2,2024-10-28
ES,87,2024-10-28
FI,108,2024-10-28
FR,283,2024-10-28
GB,172,2024-10-28
GE,1,2024-10-28
GG,1,2024-10-28
GI,1,2024-10-28
GR,6,2024-10-28
HK,4,2024-10-28
HR,5,2024-10-28
HU,25,2024-10-28
ID,2,2024-10-28
IE,7,2024-10-28
IL,18,2024-10-28
IN,1,2024-10-28
IT,96,2024-10-28
JP,78,2024-10-28
LT,1,2024-10-28
LU,3,2024-10-28
MA,1,2024-10-28
MV,1,2024-10-28
MX,10,2024-10-28
MY,1,2024-10-28
NC,1,2024-10-28
NL,84,2024-10-28
NO,12,2024-10-28
NZ,63,2024-10-28
PA,1,2024-10-28
PH,1,2024-10-28
PL,53,2024-10-28
PR,2,2024-10-28
PT,11,2024-10-28
RO,2,2024-10-28
RS,5,2024-10-28
RU,1,2024-10-28
SE,89,2024-10-28
SG,3,2024-10-28
SI,4,2024-10-28
SK,2,2024-10-28
SM,1,2024-10-28
TH,9,2024-10-28
TR,6,2024-10-28
TW,7,2024-10-28
US,8105,2024-10-28
VE,1,2024-10-28
VI,2,2024-10-28
ZA,10,2024-10-28
AE,4,2024-11-04
AR,17,2024-11-04
AT,85,2024-11-04
AU,483,2024-11-04
AX,1,2024-11-04
BE,88,2024-11-04
BG,3,2024-11-04
BH,1,2024-11-04
BM,1,2024-11-04
BR,6,2024-11-04
CA,515,2024-11-04
CH,40,2024-11-04
CL,1,2024-11-04
CN,3,2024-11-04
CO,1,2024-11-04
CR,1,2024-11-04
CZ,11,2024-11-04
DE,145,2024-11-04
DK,34,2024-11-04
DO,1,2024-11-04
EE,2,2024-11-04
ES,87,2024-11-04
FI,108,2024-11-04
FR,283,2024-11-04
GB,172,2024-11-04
GE,1,2024-11-04
GG,1,2024-11-04
GI,1,2024-11-04
GR,6,2024-11-04
HK,4,2024-11-04
HR,5,2024-11-04
HU,25,2024-11-04
ID,2,2024-11-04
IE,7,2024-11-04
IL,18,2024-11-04
IN,1,2024-11-04
IT,96,2024-11-04
JP,78,2024-11-04
LT,1,2024-11-04
LU,3,2024-11-04
MA,1,2024-11-04
MV,1,2024-11-04
MX,10,2024-11-04
MY,1,2024-11-04
NC,1,2024-11-04
NL,84,2024-11-04
NO,12,2024-11-04
NZ,63,2024-11-04
PA,1,2024-11-04
PH,1,2024-11-04
PL,53,2024-11-04
PR,2,2024-11-04
PT,11,2024-11-04
RO,2,2024-11-04
RS,5,2024-11-04
RU,1,2024-11-04
SE,92,2024-11-04
SG,3,2024-11-04
SI,4,2024-11-04
SK,2,2024-11-04
SM,1,2024-11-04
TH,9,2024-11-04
TR,6,2024-11-04
TW,7,2024-11-04
US,8116,2024-11-04
VE,1,2024-11-04
VI,2,2024-11-04
ZA,10,2024-11-04
AE,4,2024-11-11
AR,17,2024-11-11
AT,85,2024-11-11
AU,484,2024-11-11
AX,1,2024-11-11
BE,88,2024-11-11
BG,3,2024-11-11
BH,1,2024-11-11
BM,1,2024-11-11
BR,6,2024-11-11
CA,516,2024-11-11
CH,40,2024-11-11
CL,1,2024-11-11
CN,3,2024-11-11
CO,1,2024-11-11
CR,1,2024-11-11
CZ,11,2024-11-11
DE,147,2024-11-11
DK,34,2024-11-11
DO,1,2024-11-11
EE,2,2024-11-11
ES,89,2024-11-11
FI,108,2024-11-11
FR,284,2024-11-11
GB,172,2024-11-11
GE,1,2024-11-11
GG,1,2024-11-11
GI,1,2024-11-11
GR,6,2024-11-11
HK,4,2024-11-11
HR,5,2024-11-11
HU,25,2024-11-11
ID,2,2024-11-11
IE,7,2024-11-11
IL,18,2024-11-11
IN,1,2024-11-11
IT,96,2024-11-11
JP,79,2024-11-11
LT,1,2024-11-11
LU,3,2024-11-11
MA,1,2024-11-11
MV,1,2024-11-11
MX,10,2024-11-11
MY,1,2024-11-11
NC,1,2024-11-11
NL,84,2024-11-11
NO,12,2024-11-11
NZ,63,2024-11-11
PA,1,2024-11-11
PH,1,2024-11-11
PL,53,2024-11-11
PR,2,2024-11-11
PT,11,2024-11-11
RO,3,2024-11-11
RS,5,2024-11-11
RU,1,2024-11-11
SE,93,2024-11-11
SG,3,2024-11-11
SI,4,2024-11-11
SK,2,2024-11-11
SM,1,2024-11-11
TH,9,2024-11-11
TR,6,2024-11-11
TW,7,2024-11-11
US,8132,2024-11-11
VE,1,2024-11-11
VI,2,2024-11-11
ZA,10,2024-11-11
AE,4,2024-11-18
AR,17,2024-11-18
AT,86,2024-11-18
AU,483,2024-11-18
AX,1,2024-11-18
BE,89,2024-11-18
BG,3,2024-11-18
BH,1,2024-11-18
BM,1,2024-11-18
BR,6,2024-11-18
CA,515,2024-11-18
CH,40,2024-11-18
CL,1,2024-11-18
CN,3,2024-11-18
CO,1,2024-11-18
CR,1,2024-11-18
CZ,11,2024-11-18
DE,147,2024-11-18
DK,34,2024-11-18
DO,1,2024-11-18
EE,2,2024-11-18
ES,89,2024-11-18
FI,106,2024-11-18
FR,284,2024-11-18
GB,173,2024-11-18
GE,1,2024-11-18
GG,1,2024-11-18
GI,1,2024-11-18
GR,6,2024-11-18
HK,4,2024-11-18
HR,5,2024-11-18
HU,26,2024-11-18
ID,2,2024-11-18
IE,7,2024-11-18
IL,18,2024-11-18
IN,1,2024-11-18
IT,96,2024-11-18
JP,79,2024-11-18
LT,1,2024-11-18
LU,3,2024-11-18
MA,1,2024-11-18
MV,1,2024-11-18
MX,10,2024-11-18
MY,1,2024-11-18
NC,1,2024-11-18
NL,84,2024-11-18
NO,12,2024-11-18
NZ,63,2024-11-18
PA,1,2024-11-18
PH,1,2024-11-18
PL,53,2024-11-18
PR,2,2024-11-18
PT,11,2024-11-18
RO,3,2024-11-18
RS,5,2024-11-18
RU,1,2024-11-18
SE,94,2024-11-18
SG,3,2024-11-18
SI,5,2024-11-18
SK,2,2024-11-18
SM,1,2024-11-18
TH,9,2024-11-18
TR,6,2024-11-18
TW,7,2024-11-18
US,8148,2024-11-18
VE,1,2024-11-18
VI,2,2024-11-18
ZA,10,2024-11-18
AE,4,2024-11-25
AR,17,2024-11-25
AT,86,2024-11-25
AU,484,2024-11-25
AX,1,2024-11-25
BE,87,2024-11-25
BG,3,2024-11-25
BH,1,2024-11-25
BM,1,2024-11-25
BR,6,2024-11-25
CA,517,2024-11-25
CH,40,2024-11-25
CL,1,2024-11-25
CN,3,2024-11-25
CO,1,2024-11-25
CR,1,2024-11-25
CZ,11,2024-11-25
DE,147,2024-11-25
DK,34,2024-11-25
DO,1,2024-11-25
EE,2,2024-11-25
ES,89,2024-11-25
FI,107,2024-11-25
FR,284,2024-11-25
GB,176,2024-11-25
GE,1,2024-11-25
GG,1,2024-11-25
GI,1,2024-11-25
GR,6,2024-11-25
HK,4,2024-11-25
HR,5,2024-11-25
HU,26,2024-11-25
ID,2,2024-11-25
IE,7,2024-11-25
IL,18,2024-11-25
IN,1,2024-11-25
IT,96,2024-11-25
JP,79,2024-11-25
LT,1,2024-11-25
LU,3,2024-11-25
MA,1,2024-11-25
MV,1,2024-11-25
MX,10,2024-11-25
MY,1,2024-11-25
NC,1,2024-11-25
NL,84,2024-11-25
NO,12,2024-11-25
NZ,63,2024-11-25
PA,1,2024-11-25
PH,1,2024-11-25
PL,53,2024-11-25
PR,2,2024-11-25
PT,11,2024-11-25
RO,3,2024-11-25
RS,5,2024-11-25
RU,1,2024-11-25
SE,95,2024-11-25
SG,3,2024-11-25
SI,5,2024-11-25
SK,2,2024-11-25
SM,1,2024-11-25
TH,9,2024-11-25
TR,6,2024-11-25
TW,7,2024-11-25
US,8157,2024-11-25
VE,1,2024-11-25
VI,2,2024-11-25
ZA,10,2024-11-25
AE,4,2024-12-02
AR,17,2024-12-02
AT,85,2024-12-02
AU,484,2024-12-02
AX,1,2024-12-02
BE,87,2024-12-02
BG,3,2024-12-02
BH,1,2024-12-02
BM,1,2024-12-02
BR,6,2024-12-02
CA,516,2024-12-02
CH,40,2024-12-02
CL,1,2024-12-02
CN,3,2024-12-02
CO,1,2024-12-02
CR,1,2024-12-02
CZ,11,2024-12-02
DE,147,2024-12-02
DK,33,2024-12-02
DO,1,2024-12-02
EE,2,2024-12-02
ES,90,2024-12-02
FI,107,2024-12-02
FR,284,2024-12-02
GB,176,2024-12-02
GE,1,2024-12-02
GG,1,2024-12-02
GI,1,2024-12-02
GR,6,2024-12-02
HK,4,2024-12-02
HR,5,2024-12-02
HU,26,2024-12-02
ID,2,2024-12-02
IE,7,2024-12-02
IL,18,2024-12-02
IN,1,2024-12-02
IT,96,2024-12-02
JP,79,2024-12-02
LT,1,2024-12-02
LU,3,2024-12-02
MA,1,2024-12-02
MV,1,2024-12-02
MX,10,2024-12-02
MY,2,2024-12-02
NC,1,2024-12-02
NL,85,2024-12-02
NO,12,2024-12-02
NZ,63,2024-12-02
PA,1,2024-12-02
PH,1,2024-12-02
PL,53,2024-12-02
PR,2,2024-12-02
PT,11,2024-12-02
RO,3,2024-12-02
RS,5,2024-12-02
RU,1,2024-12-02
SE,95,2024-12-02
SG,3,2024-12-02
SI,5,2024-12-02
SK,2,2024-12-02
SM,1,2024-12-02
TH,10,2024-12-02
TR,6,2024-12-02
TW,8,2024-12-02
US,8168,2024-12-02
VE,1,2024-12-02
VI,2,2024-12-02
ZA,10,2024-12-02
AE,4,2024-12-09
AR,17,2024-12-09
AT,85,2024-12-09
AU,485,2024-12-09
AX,1,2024-12-09
BE,86,2024-12-09
BG,3,2024-12-09
BH,1,2024-12-09
BM,1,2024-12-09
BR,6,2024-12-09
CA,519,2024-12-09
CH,41,2024-12-09
CL,1,2024-12-09
CN,3,2024-12-09
CO,1,2024-12-09
CR,1,2024-12-09
CZ,11,2024-12-09
DE,147,2024-12-09
DK,33,2024-12-09
DO,1,2024-12-09
EE,2,2024-12-09
ES,90,2024-12-09
FI,107,2024-12-09
FR,284,2024-12-09
GB,175,2024-12-09
GE,1,2024-12-09
GG,1,2024-12-09
GI,1,2024-12-09
GR,6,2024-12-09
HK,4,2024-12-09
HR,5,2024-12-09
HU,26,2024-12-09
ID,2,2024-12-09
IE,7,2024-12-09
IL,18,2024-12-09
IN,1,2024-12-09
IT,96,2024-12-09
JP,78,2024-12-09
LT,1,2024-12-09
LU,3,2024-12-09
MA,1,2024-12-09
MV,1,2024-12-09
MX,10,2024-12-09
MY,2,2024-12-09
NC,1,2024-12-09
NL,85,2024-12-09
NO,12,2024-12-09
NZ,65,2024-12-09
PA,1,2024-12-09
PH,1,2024-12-09
PL,53,2024-12-09
PR,2,2024-12-09
PT,11,2024-12-09
RO,3,2024-12-09
RS,5,2024-12-09
RU,1,2024-12-09
SE,93,2024-12-09
SG,3,2024-12-09
SI,5,2024-12-09
SK,2,2024-12-09
SM,1,2024-12-09
TH,10,2024-12-09
TR,6,2024-12-09
TW,8,2024-12-09
US,8181,2024-12-09
VE,1,2024-12-09
VI,2,2024-12-09
ZA,10,2024-12-09
AE,4,2024-12-16
AR,17,2024-12-16
AT,86,2024-12-16
AU,488,2024-12-16
AX,1,2024-12-16
BE,87,2024-12-16
BG,3,2024-12-16
BH,1,2024-12-16
BM,1,2024-12-16
BR,6,2024-12-16
CA,521,2024-12-16
CH,41,2024-12-16
CL,1,2024-12-16
CN,3,2024-12-16
CO,1,2024-12-16
CR,1,2024-12-16
CZ,11,2024-12-16
DE,147,2024-12-16
DK,32,2024-12-16
DO,1,2024-12-16
EE,2,2024-12-16
ES,90,2024-12-16
FI,110,2024-12-16
FR,284,2024-12-16
GB,176,2024-12-16
GE,1,2024-12-16
GG,1,2024-12-16
GI,1,2024-12-16
GR,6,2024-12-16
HK,4,2024-12-16
HR,5,2024-12-16
HU,26,2024-12-16
ID,2,2024-12-16
IE,7,2024-12-16
IL,18,2024-12-16
IN,1,2024-12-16
IT,96,2024-12-16
JP,78,2024-12-16
LT,1,2024-12-16
LU,3,2024-12-16
MA,1,2024-12-16
MV,1,2024-12-16
MX,10,2024-12-16
MY,2,2024-12-16
NC,1,2024-12-16
NL,87,2024-12-16
NO,12,2024-12-16
NZ,66,2024-12-16
PA,1,2024-12-16
PH,1,2024-12-16
PL,53,2024-12-16
PR,2,2024-12-16
PT,11,2024-12-16
RO,3,2024-12-16
RS,5,2024-12-16
RU,1,2024-12-16
SE,95,2024-12-16
SG,3,2024-12-16
SI,5,2024-12-16
SK,2,2024-12-16
SM,1,2024-12-16
TH,10,2024-12-16
TR,6,2024-12-16
TW,8,2024-12-16
US,8187,2024-12-16
VE,1,2024-12-16
VI,2,2024-12-16
ZA,10,2024-12-16
AE,4,2024-12-23
AR,18,2024-12-23
AT,86,2024-12-23
AU,488,2024-12-23
AX,1,2024-12-23
BE,87,2024-12-23
BG,3,2024-12-23
BH,1,2024-12-23
BM,1,2024-12-23
BR,6,2024-12-23
CA,524,2024-12-23
CH,41,2024-12-23
CL,1,2024-12-23
CN,3,2024-12-23
CO,1,2024-12-23
CR,1,2024-12-23
CZ,11,2024-12-23
DE,150,2024-12-23
DK,32,2024-12-23
DO,1,2024-12-23
EE,2,2024-12-23
ES,91,2024-12-23
FI,111,2024-12-23
FR,286,2024-12-23
GB,177,2024-12-23
GE,1,2024-12-23
GG,1,2024-12-23
GI,1,2024-12-23
GR,6,2024-12-23
HK,4,2024-12-23
HR,5,2024-12-23
HU,26,2024-12-23
ID,2,2024-12-23
IE,7,2024-12-23
IL,18,2024-12-23
IN,1,2024-12-23
IT,96,2024-12-23
JP,78,2024-12-23
LT,1,2024-12-23
LU,3,2024-12-23
MA,1,2024-12-23
MV,1,2024-12-23
MX,10,2024-12-23
MY,2,2024-12-23
NC,1,2024-12-23
NL,88,2024-12-23
NO,12,2024-12-23
NZ,67,2024-12-23
PA,1,2024-12-23
PH,1,2024-12-23
PL,53,2024-12-23
PR,2,2024-12-23
PT,10,2024-12-23
QA,1,2024-12-23
RO,3,2024-12-23
RS,5,2024-12-23
RU,1,2024-12-23
SE,96,2024-12-23
SG,3,2024-12-23
SI,5,2024-12-23
SK,2,2024-12-23
SM,1,2024-12-23
TH,10,2024-12-23
TR,6,2024-12-23
TW,8,2024-12-23
US,8206,2024-12-23
VE,1,2024-12-23
VI,2,2024-12-23
ZA,10,2024-12-23
AE,3,2024-12-30
AR,18,2024-12-30
AT,86,2024-12-30
AU,491,2024-12-30
AX,1,2024-12-30
BE,87,2024-12-30
BG,3,2024-12-30
BH,1,2024-12-30
BM,1,2024-12-30
BR,6,2024-12-30
CA,525,2024-12-30
CH,41,2024-12-30
CL,1,2024-12-30
CN,3,2024-12-30
CO,1,2024-12-30
CR,1,2024-12-30
CZ,11,2024-12-30
DE,150,2024-12-30
DK,32,2024-12-30
DO,1,2024-12-30
EE,2,2024-12-30
ES,92,2024-12-30
FI,112,2024-12-30
FR,286,2024-12-30
GB,177,2024-12-30
GE,1,2024-12-30
GG,1,2024-12-30
GI,1,2024-12-30
GR,6,2024-12-30
HK,4,2024-12-30
HR,5,2024-12-30
HU,26,2024-12-30
ID,2,2024-12-30
IE,7,2024-12-30
IL,18,2024-12-30
IN,1,2024-12-30
IT,96,2024-12-30
JP,79,2024-12-30
LT,1,2024-12-30
LU,3,2024-12-30
MA,1,2024-12-30
MV,1,2024-12-30
MX,10,2024-12-30
MY,2,2024-12-30
NC,1,2024-12-30
NL,88,2024-12-30
NO,12,2024-12-30
NZ,67,2024-12-30
PA,1,2024-12-30
PH,1,2024-12-30
PL,53,2024-12-30
PR,2,2024-12-30
PT,10,2024-12-30
QA,1,2024-12-30
RO,3,2024-12-30
RS,5,2024-12-30
RU,1,2024-12-30
SE,97,2024-12-30
SG,3,2024-12-30
SI,5,2024-12-30
SK,2,2024-12-30
SM,1,2024-12-30
TH,10,2024-12-30
TR,6,2024-12-30
TW,9,2024-12-30
US,8210,2024-12-30
VE,1,2024-12-30
VI,2,2024-12-30
ZA,10,2024-12-30
AE,5,2025-01-06
AR,19,2025-01-06
AT,86,2025-01-06
AU,494,2025-01-06
AX,1,2025-01-06
BE,87,2025-01-06
BG,3,2025-01-06
BH,1,2025-01-06
BM,1,2025-01-06
BR,8,2025-01-06
CA,524,2025-01-06
CH,41,2025-01-06
CL,1,2025-01-06
CN,3,2025-01-06
CO,1,2025-01-06
CR,1,2025-01-06
CZ,11,2025-01-06
DE,152,2025-01-06
DK,32,2025-01-06
DO,1,2025-01-06
EE,2,2025-01-06
ES,92,2025-01-06
FI,112,2025-01-06
FR,287,2025-01-06
GB,178,2025-01-06
GE,1,2025-01-06
GG,1,2025-01-06
GI,1,2025-01-06
GR,6,2025-01-06
HK,4,2025-01-06
HR,5,2025-01-06
HU,26,2025-01-06
ID,2,2025-01-06
IE,7,2025-01-06
IL,18,2025-01-06
IN,1,2025-01-06
IT,100,2025-01-06
JP,79,2025-01-06
LT,1,2025-01-06
LU,3,2025-01-06
MA,1,2025-01-06
MV,1,2025-01-06
MX,10,2025-01-06
MY,3,2025-01-06
NC,1,2025-01-06
NL,89,2025-01-06
NO,12,2025-01-06
NZ,67,2025-01-06
PA,1,2025-01-06
PH,1,2025-01-06
PL,53,2025-01-06
PR,2,2025-01-06
PT,10,2025-01-06
QA,1,2025-01-06
RO,4,2025-01-06
RS,5,2025-01-06
RU,1,2025-01-06
SE,97,2025-01-06
SG,3,2025-01-06
SI,5,2025-01-06
SK,2,2025-01-06
SM,1,2025-01-06
TH,10,2025-01-06
TR,6,2025-01-06
TW,9,2025-01-06
US,8208,2025-01-06
VE,1,2025-01-06
VI,2,2025-01-06
ZA,10,2025-01-06
AE,5,2025-01-13
AR,19,2025-01-13
AT,86,2025-01-13
AU,498,2025-01-13
AX,1,2025-01-13
BE,88,2025-01-13
BG,3,2025-01-13
BH,1,2025-01-13
BM,1,2025-01-13
BR,8,2025-01-13
CA,526,2025-01-13
CH,42,2025-01-13
CL,1,2025-01-13
CN,3,2025-01-13
CO,1,2025-01-13
CR,1,2025-01-13
CZ,11,2025-01-13
DE,153,2025-01-13
DK,32,2025-01-13
DO,1,2025-01-13
EE,2,2025-01-13
ES,92,2025-01-13
FI,112,2025-01-13
FR,288,2025-01-13
GB,180,2025-01-13
GE,1,2025-01-13
GG,1,2025-01-13
GI,1,2025-01-13
GR,6,2025-01-13
HK,4,2025-01-13
HR,5,2025-01-13
HU,26,2025-01-13
ID,2,2025-01-13
IE,7,2025-01-13
IL,18,2025-01-13
IN,1,2025-01-13
IT,105,2025-01-13
JP,79,2025-01-13
LT,1,2025-01-13
LU,3,2025-01-13
MA,1,2025-01-13
MV,1,2025-01-13
MX,10,2025-01-13
MY,3,2025-01-13
NC,1,2025-01-13
NL,90,2025-01-13
NO,11,2025-01-13
NZ,67,2025-01-13
PA,1,2025-01-13
PH,1,2025-01-13
PL,53,2025-01-13
PR,2,2025-01-13
PT,10,2025-01-13
QA,1,2025-01-13
RO,4,2025-01-13
RS,5,2025-01-13
RU,1,2025-01-13
SE,97,2025-01-13
SG,3,2025-01-13
SI,5,2025-01-13
SK,2,2025-01-13
SM,1,2025-01-13
TH,10,2025-01-13
TR,6,2025-01-13
TW,9,2025-01-13
US,8211,2025-01-13
VE,1,2025-01-13
VI,2,2025-01-13
ZA,10,2025-01-13
AE,5,2025-01-20
AR,19,2025-01-20
AT,85,2025-01-20
AU,495,2025-01-20
AX,1,2025-01-20
BE,88,2025-01-20
BG,3,2025-01-20
BH,1,2025-01-20
BM,1,2025-01-20
BR,8,2025-01-20
CA,528,2025-01-20
CH,44,2025-01-20
CL,1,2025-01-20
CN,3,2025-01-20
CO,1,2025-01-20
CR,1,2025-01-20
CZ,11,2025-01-20
DE,155,2025-01-20
DK,32,2025-01-20
DO,1,2025-01-20
EE,2,2025-01-20
ES,92,2025-01-20
FI,112,2025-01-20
FR,288,2025-01-20
GB,180,2025-01-20
GE,1,2025-01-20
GG,1,2025-01-20
GI,1,2025-01-20
GR,6,2025-01-20
HK,4,2025-01-20
HR,5,2025-01-20
HU,26,2025-01-20
ID,2,2025-01-20
IE,7,2025-01-20
IL,18,2025-01-20
IN,1,2025-01-20
IT,105,2025-01-20
JO,1,2025-01-20
JP,74,2025-01-20
LT,1,2025-01-20
LU,3,2025-01-20
MA,1,2025-01-20
MV,1,2025-01-20
MX,10,2025-01-20
MY,3,2025-01-20
NC,1,2025-01-20
NL,90,2025-01-20
NO,11,2025-01-20
NZ,68,2025-01-20
PA,1,2025-01-20
PH,1,2025-01-20
PL,53,2025-01-20
PR,2,2025-01-20
PT,10,2025-01-20
QA,1,2025-01-20
RO,4,2025-01-20
RS,5,2025-01-20
RU,1,2025-01-20
SE,98,2025-01-20
SG,3,2025-01-20
SI,5,2025-01-20
SK,2,2025-01-20
SM,1,2025-01-20
TH,10,2025-01-20
TR,6,2025-01-20
TW,9,2025-01-20
US,8221,2025-01-20
VE,1,2025-01-20
VI,2,2025-01-20
ZA,10,2025-01-20
AE,5,2025-01-27
AR,20,2025-01-27
AT,84,2025-01-27
AU,501,2025-01-27
AX,2,2025-01-27
BE,88,2025-01-27
BG,3,2025-01-27
BH,1,2025-01-27
BM,1,2025-01-27
BR,8,2025-01-27
CA,530,2025-01-27
CH,44,2025-01-27
CL,1,2025-01-27
CN,3,2025-01-27
CO,1,2025-01-27
CR,1,2025-01-27
CZ,11,2025-01-27
DE,156,2025-01-27
DK,32,2025-01-27
DO,1,2025-01-27
EE,2,2025-01-27
ES,92,2025-01-27
FI,110,2025-01-27
FR,290,2025-01-27
GB,182,2025-01-27
GE,1,2025-01-27
GG,1,2025-01-27
GI,1,2025-01-27
GR,6,2025-01-27
HK,4,2025-01-27
HR,5,2025-01-27
HU,26,2025-01-27
ID,2,2025-01-27
IE,8,2025-01-27
IL,18,2025-01-27
IN,1,2025-01-27
IT,105,2025-01-27
JO,1,2025-01-27
JP,74,2025-01-27
LT,1,2025-01-27
LU,3,2025-01-27
MA,1,2025-01-27
MV,1,2025-01-27
MX,10,2025-01-27
MY,3,2025-01-27
NC,1,2025-01-27
NL,90,2025-01-27
NO,11,2025-01-27
NZ,68,2025-01-27
PA,1,2025-01-27
PH,2,2025-01-27
PL,53,2025-01-27
PR,2,2025-01-27
PT,11,2025-01-27
QA,1,2025-01-27
RO,4,2025-01-27
RS,5,2025-01-27
RU,1,2025-01-27
SE,97,2025-01-27
SG,3,2025-01-27
SI,5,2025-01-27
SK,2,2025-01-27
SM,1,2025-01-27
TH,10,2025-01-27
TR,6,2025-01-27
TW,9,2025-01-27
US,8232,2025-01-27
VE,1,2025-01-27
VI,2,2025-01-27
ZA,10,2025-01-27
AE,5,2025-02-03
AR,20,2025-02-03
AT,84,2025-02-03
AU,506,2025-02-03
AX,2,2025-02-03
BE,88,2025-02-03
BG,3,2025-02-03
BH,1,2025-02-03
BM,1,2025-02-03
BR,8,2025-02-03
CA,531,2025-02-03
CH,44,2025-02-03
CL,1,2025-02-03
CN,3,2025-02-03
CO,1,2025-02-03
CR,1,2025-02-03
CZ,11,2025-02-03
DE,155,2025-02-03
DK,32,2025-02-03
DO,1,2025-02-03
EE,2,2025-02-03
ES,92,2025-02-03
FI,111,2025-02-03
FR,288,2025-02-03
GB,183,2025-02-03
GE,1,2025-02-03
GG,1,2025-02-03
GI,1,2025-02-03
GR,6,2025-02-03
HK,4,2025-02-03
HR,5,2025-02-03
HU,26,2025-02-03
ID,2,2025-02-03
IE,8,2025-02-03
IL,18,2025-02-03
IN,1,2025-02-03
IT,105,2025-02-03
JO,1,2025-02-03
JP,74,2025-02-03
LT,1,2025-02-03
LU,3,2025-02-03
MA,1,2025-02-03
MV,1,2025-02-03
MX,10,2025-02-03
MY,3,2025-02-03
NC,1,2025-02-03
NL,90,2025-02-03
NO,11,2025-02-03
NZ,68,2025-02-03
PA,1,2025-02-03
PH,2,2025-02-03
PL,53,2025-02-03
PR,2,2025-02-03
PT,11,2025-02-03
QA,1,2025-02-03
RO,4,2025-02-03
RS,5,2025-02-03
RU,1,2025-02-03
SE,98,2025-02-03
SG,3,2025-02-03
SI,6,2025-02-03
SK,2,2025-02-03
SM,1,2025-02-03
TH,10,2025-02-03
TR,6,2025-02-03
TW,9,2025-02-03
US,8229,2025-02-03
VE,1,2025-02-03
VI,2,2025-02-03
ZA,10,2025-02-03
AE,5,2025-02-10
AR,20,2025-02-10
AT,84,2025-02-10
AU,503,2025-02-10
AX,2,2025-02-10
BE,89,2025-02-10
BG,3,2025-02-10
BH,1,2025-02-10
BM,1,2025-02-10
BR,8,2025-02-10
CA,532,2025-02-10
CH,44,2025-02-10
CL,1,2025-02-10
CN,3,2025-02-10
CO,1,2025-02-10
CR,1,2025-02-10
CZ,11,2025-02-10
DE,155,2025-02-10
DK,32,2025-02-10
DO,1,2025-02-10
EE,2,2025-02-10
ES,92,2025-02-10
FI,114,2025-02-10
FR,288,2025-02-10
GB,186,2025-02-10
GE,1,2025-02-10
GG,1,2025-02-10
GI,1,2025-02-10
GR,6,2025-02-10
HK,4,2025-02-10
HR,5,2025-02-10
HU,26,2025-02-10
ID,2,2025-02-10
IE,8,2025-02-10
IL,18,2025-02-10
IN,1,2025-02-10
IT,106,2025-02-10
JO,1,2025-02-10
JP,74,2025-02-10
LT,1,2025-02-10
LU,3,2025-02-10
MA,1,2025-02-10
MV,1,2025-02-10
MX,10,2025-02-10
MY,3,2025-02-10
NC,1,2025-02-10
NL,90,2025-02-10
NO,11,2025-02-10
NZ,68,2025-02-10
PA,1,2025-02-10
PH,2,2025-02-10
PL,53,2025-02-10
PR,2,2025-02-10
PT,11,2025-02-10
QA,1,2025-02-10
RO,4,2025-02-10
RS,5,2025-02-10
RU,1,2025-02-10
SE,97,2025-02-10
SG,3,2025-02-10
SI,6,2025-02-10
SK,2,2025-02-10
SM,1,2025-02-10
TH,10,2025-02-10
TR,6,2025-02-10
TW,8,2025-02-10
US,8247,2025-02-10
VE,1,2025-02-10
VI,2,2025-02-10
ZA,10,2025-02-10
AE,5,2025-02-17
AR,20,2025-02-17
AT,84,2025-02-17
AU,506,2025-02-17
AX,2,2025-02-17
BE,89,2025-02-17
BG,3,2025-02-17
BH,1,2025-02-17
BM,1,2025-02-17
BR,8,2025-02-17
CA,532,2025-02-17
CH,44,2025-02-17
CL,1,2025-02-17
CN,3,2025-02-17
CO,1,2025-02-17
CR,1,2025-02-17
CZ,11,2025-02-17
DE,155,2025-02-17
DK,31,2025-02-17
DO,1,2025-02-17
EE,2,2025-02-17
ES,92,2025-02-17
FI,114,2025-02-17
FR,292,2025-02-17
GB,188,2025-02-17
GE,1,2025-02-17
GG,1,2025-02-17
GI,1,2025-02-17
GR,6,2025-02-17
HK,4,2025-02-17
HR,5,2025-02-17
HU,26,2025-02-17
ID,2,2025-02-17
IE,8,2025-02-17
IL,18,2025-02-17
IN,1,2025-02-17
IT,106,2025-02-17
JO,1,2025-02-17
JP,74,2025-02-17
LT,1,2025-02-17
LU,3,2025-02-17
MA,1,2025-02-17
MV,1,2025-02-17
MX,10,2025-02-17
MY,3,2025-02-17
NC,1,2025-02-17
NL,92,2025-02-17
NO,11,2025-02-17
NZ,68,2025-02-17
PA,1,2025-02-17
PH,2,2025-02-17
PL,53,2025-02-17
PR,2,2025-02-17
PT,11,2025-02-17
QA,1,2025-02-17
RO,4,2025-02-17
RS,5,2025-02-17
RU,1,2025-02-17
SE,98,2025-02-17
SG,3,2025-02-17
SI,6,2025-02-17
SK,2,2025-02-17
SM,1,2025-02-17
TH,10,2025-02-17
TR,6,2025-02-17
TW,8,2025-02-17
US,8246,2025-02-17
VE,1,2025-02-17
VI,2,2025-02-17
ZA,10,2025-02-17
AD,1,2025-02-24
AE,5,2025-02-24
AR,20,2025-02-24
AT,84,2025-02-24
AU,504,2025-02-24
AX,2,2025-02-24
BA,1,2025-02-24
BE,89,2025-02-24
BG,3,2025-02-24
BH,1,2025-02-24
BM,1,2025-02-24
BR,8,2025-02-24
CA,534,2025-02-24
CH,44,2025-02-24
CL,1,2025-02-24
CN,3,2025-02-24
CO,1,2025-02-24
CR,1,2025-02-24
CZ,11,2025-02-24
DE,157,2025-02-24
DK,31,2025-02-24
DO,1,2025-02-24
EE,2,2025-02-24
ES,98,2025-02-24
FI,113,2025-02-24
FR,295,2025-02-24
GB,188,2025-02-24
GE,1,2025-02-24
GG,1,2025-02-24
GI,1,2025-02-24
GR,6,2025-02-24
HK,4,2025-02-24
HR,5,2025-02-24
HU,26,2025-02-24
ID,2,2025-02-24
IE,8,2025-02-24
IL,18,2025-02-24
IN,1,2025-02-24
IT,106,2025-02-24
JO,1,2025-02-24
JP,74,2025-02-24
LT,1,2025-02-24
LU,3,2025-02-24
MA,1,2025-02-24
MV,1,2025-02-24
MX,11,2025-02-24
MY,3,2025-02-24
NC,1,2025-02-24
NL,92,2025-02-24
NO,11,2025-02-24
NZ,68,2025-02-24
PA,1,2025-02-24
PH,2,2025-02-24
PL,53,2025-02-24
PR,2,2025-02-24
PT,11,2025-02-24
QA,1,2025-02-24
RO,4,2025-02-24
RS,5,2025-02-24
RU,1,2025-02-24
SE,98,2025-02-24
SG,3,2025-02-24
SI,6,2025-02-24
SK,2,2025-02-24
SM,1,2025-02-24
TH,10,2025-02-24
TR,6,2025-02-24
TW,8,2025-02-24
US,8269,2025-02-24
VE,1,2025-02-24
VI,2,2025-02-24
ZA,10,2025-02-24
AD,1,2025-03-03
AE,5,2025-03-03
AR,20,2025-03-03
AT,83,2025-03-03
AU,512,2025-03-03
AX,2,2025-03-03
BA,1,2025-03-03
BE,90,2025-03-03
BG,3,2025-03-03
BH,1,2025-03-03
BM,1,2025-03-03
BR,8,2025-03-03
CA,535,2025-03-03
CH,45,2025-03-03
CL,1,2025-03-03
CN,3,2025-03-03
CO,1,2025-03-03
CR,1,2025-03-03
CZ,11,2025-03-03
DE,159,2025-03-03
DK,31,2025-03-03
DO,1,2025-03-03
EE,2,2025-03-03
ES,98,2025-03-03
FI,113,2025-03-03
FR,296,2025-03-03
GB,189,2025-03-03
GE,1,2025-03-03
GG,1,2025-03-03
GI,1,2025-03-03
GR,6,2025-03-03
HK,4,2025-03-03
HR,5,2025-03-03
HU,26,2025-03-03
ID,2,2025-03-03
IE,8,2025-03-03
IL,18,2025-03-03
IN,1,2025-03-03
IT,106,2025-03-03
JO,1,2025-03-03
JP,76,2025-03-03
LT,1,2025-03-03
LU,3,2025-03-03
MA,1,2025-03-03
MV,1,2025-03-03
MX,11,2025-03-03
MY,3,2025-03-03
NC,1,2025-03-03
NL,93,2025-03-03
NO,11,2025-03-03
NZ,69,2025-03-03
PA,1,2025-03-03
PH,2,2025-03-03
PL,53,2025-03-03
PR,2,2025-03-03
PT,11,2025-03-03
QA,1,2025-03-03
RO,4,2025-03-03
RS,5,2025-03-03
RU,1,2025-03-03
SE,98,2025-03-03
SG,3,2025-03-03
SI,6,2025-03-03
SK,2,2025-03-03
SM,1,2025-03-03
TH,10,2025-03-03
TR,6,2025-03-03
TW,8,2025-03-03
US,8281,2025-03-03
VE,1,2025-03-03
VI,2,2025-03-03
ZA,10,2025-03-03
AD,1,2025-03-10
AE,5,2025-03-10
AR,20,2025-03-10
AT,84,2025-03-10
AU,514,2025-03-10
AX,2,2025-03-10
BA,1,2025-03-10
BE,90,2025-03-10
BG,3,2025-03-10
BH,1,2025-03-10
BM,1,2025-03-10
BR,8,2025-03-10
CA,534,2025-03-10
CH,44,2025-03-10
CL,1,2025-03-10
CN,3,2025-03-10
CO,1,2025-03-10
CR,1,2025-03-10
CZ,11,2025-03-10
DE,159,2025-03-10
DK,31,2025-03-10
DO,1,2025-03-10
EE,2,2025-03-10
ES,97,2025-03-10
FI,114,2025-03-10
FR,297,2025-03-10
GB,189,2025-03-10
GE,1,2025-03-10
GG,1,2025-03-10
GI,1,2025-03-10
GR,6,2025-03-10
HK,4,2025-03-10
HR,5,2025-03-10
HU,25,2025-03-10
ID,2,2025-03-10
IE,8,2025-03-10
IL,18,2025-03-10
IN,1,2025-03-10
IT,106,2025-03-10
JO,1,2025-03-10
JP,76,2025-03-10
LT,1,2025-03-10
LU,3,2025-03-10
MA,1,2025-03-10
MV,1,2025-03-10
MX,11,2025-03-10
MY,3,2025-03-10
NC,1,2025-03-10
NL,93,2025-03-10
NO,11,2025-03-10
NZ,71,2025-03-10
PA,1,2025-03-10
PH,2,2025-03-10
PL,53,2025-03-10
PR,2,2025-03-10
PT,11,2025-03-10
QA,1,2025-03-10
RO,4,2025-03-10
RS,5,2025-03-10
RU,1,2025-03-10
SE,98,2025-03-10
SG,3,2025-03-10
SI,6,2025-03-10
SK,2,2025-03-10
SM,1,2025-03-10
TH,10,2025-03-10
TR,6,2025-03-10
TW,8,2025-03-10
US,8296,2025-03-10
VE,1,2025-03-10
VI,2,2025-03-10
ZA,10,2025-03-10
AD,1,2025-03-17
AE,5,2025-03-17
AR,20,2025-03-17
AT,84,2025-03-17
AU,516,2025-03-17
AX,2,2025-03-17
BA,1,2025-03-17
BE,89,2025-03-17
BG,3,2025-03-17
BH,1,2025-03-17
BM,1,2025-03-17
BR,8,2025-03-17
CA,539,2025-03-17
CH,46,2025-03-17
CL,1,2025-03-17
CN,3,2025-03-17
CO,1,2025-03-17
CR,1,2025-03-17
CZ,12,2025-03-17
DE,160,2025-03-17
DK,31,2025-03-17
DO,1,2025-03-17
EE,2,2025-03-17
ES,99,2025-03-17
FI,114,2025-03-17
FR,299,2025-03-17
GB,188,2025-03-17
GE,1,2025-03-17
GG,1,2025-03-17
GI,1,2025-03-17
GR,6,2025-03-17
HK,4,2025-03-17
HR,5,2025-03-17
HU,25,2025-03-17
ID,2,2025-03-17
IE,8,2025-03-17
IL,18,2025-03-17
IN,1,2025-03-17
IT,107,2025-03-17
JO,1,2025-03-17
JP,76,2025-03-17
LT,1,2025-03-17
LU,3,2025-03-17
MA,1,2025-03-17
MV,1,2025-03-17
MX,12,2025-03-17
MY,3,2025-03-17
NC,1,2025-03-17
NL,96,2025-03-17
NO,11,2025-03-17
NZ,72,2025-03-17
PA,1,2025-03-17
PH,2,2025-03-17
PL,53,2025-03-17
PR,2,2025-03-17
PT,11,2025-03-17
QA,1,2025-03-17
RO,5,2025-03-17
RS,5,2025-03-17
RU,1,2025-03-17
SE,99,2025-03-17
SG,3,2025-03-17
SI,6,2025-03-17
SK,2,2025-03-17
SM,1,2025-03-17
TH,10,2025-03-17
TR,6,2025-03-17
TW,8,2025-03-17
US,8306,2025-03-17
VE,1,2025-03-17
VI,2,2025-03-17
ZA,10,2025-03-17
AD,1,2025-03-24
AE,5,2025-03-24
AR,20,2025-03-24
AT,82,2025-03-24
AU,518,2025-03-24
AX,2,2025-03-24
BA,1,2025-03-24
BE,88,2025-03-24
BG,3,2025-03-24
BH,1,2025-03-24
BM,1,2025-03-24
BR,8,2025-03-24
CA,539,2025-03-24
CH,47,2025-03-24
CL,1,2025-03-24
CN,3,2025-03-24
CO,1,2025-03-24
CR,1,2025-03-24
CZ,12,2025-03-24
DE,161,2025-03-24
DK,31,2025-03-24
DO,1,2025-03-24
EE,2,2025-03-24
ES,98,2025-03-24
FI,114,2025-03-24
FR,304,2025-03-24
GB,188,2025-03-24
GE,1,2025-03-24
GG,1,2025-03-24
GI,1,2025-03-24
GR,6,2025-03-24
HK,4,2025-03-24
HR,5,2025-03-24
HU,25,2025-03-24
ID,2,2025-03-24
IE,8,2025-03-24
IL,18,2025-03-24
IN,1,2025-03-24
IT,107,2025-03-24
JO,1,2025-03-24
JP,76,2025-03-24
LT,1,2025-03-24
LU,3,2025-03-24
MA,1,2025-03-24
MV,1,2025-03-24
MX,12,2025-03-24
MY,3,2025-03-24
NC,1,2025-03-24
NL,96,2025-03-24
NO,11,2025-03-24
NZ,72,2025-03-24
PA,1,2025-03-24
PH,2,2025-03-24
PL,53,2025-03-24
PR,2,2025-03-24
PT,11,2025-03-24
QA,1,2025-03-24
RO,5,2025-03-24
RS,5,2025-03-24
RU,1,2025-03-24
SE,100,2025-03-24
SG,3,2025-03-24
SI,7,2025-03-24
SK,2,2025-03-24
SM,1,2025-03-24
TH,10,2025-03-24
TR,6,2025-03-24
TW,8,2025-03-24
US,8321,2025-03-24
VE,1,2025-03-24
VI,2,2025-03-24
ZA,10,2025-03-24
AD,1,2025-03-31
AE,6,2025-03-31
AR,23,2025-03-31
AT,83,2025-03-31
AU,516,2025-03-31
AX,2,2025-03-31
BA,1,2025-03-31
BE,89,2025-03-31
BG,3,2025-03-31
BH,1,2025-03-31
BM,1,2025-03-31
BR,8,2025-03-31
CA,541,2025-03-31
CH,47,2025-03-31
CL,1,2025-03-31
CN,3,2025-03-31
CO,1,2025-03-31
CR,1,2025-03-31
CZ,12,2025-03-31
DE,161,2025-03-31
DK,31,2025-03-31
DO,1,2025-03-31
EE,2,2025-03-31
ES,99,2025-03-31
FI,114,2025-03-31
FR,306,2025-03-31
GB,192,2025-03-31
GE,1,2025-03-31
GG,1,2025-03-31
GI,1,2025-03-31
GR,6,2025-03-31
HK,4,2025-03-31
HR,5,2025-03-31
HU,25,2025-03-31
ID,2,2025-03-31
IE,7,2025-03-31
IL,18,2025-03-31
IN,1,2025-03-31
IT,107,2025-03-31
JO,1,2025-03-31
JP,76,2025-03-31
LT,1,2025-03-31
LU,3,2025-03-31
MA,1,2025-03-31
MV,1,2025-03-31
MX,12,2025-03-31
MY,3,2025-03-31
NC,1,2025-03-31
NL,96,2025-03-31
NO,11,2025-03-31
NZ,72,2025-03-31
PA,1,2025-03-31
PH,2,2025-03-31
PL,53,2025-03-31
PR,2,2025-03-31
PT,13,2025-03-31
QA,1,2025-03-31
RO,5,2025-03-31
RS,5,2025-03-31
RU,1,2025-03-31
SE,100,2025-03-31
SG,3,2025-03-31
SI,7,2025-03-31
SK,2,2025-03-31
SM,1,2025-03-31
TH,10,2025-03-31
TR,6,2025-03-31
TW,8,2025-03-31
US,8319,2025-03-31
VE,1,2025-03-31
VI,2,2025-03-31
ZA,10,2025-03-31
AD,1,2025-04-07
AE,6,2025-04-07
AR,23,2025-04-07
AT,84,2025-04-07
AU,518,2025-04-07
AX,2,2025-04-07
BA,1,2025-04-07
BE,89,2025-04-07
BG,3,2025-04-07
BH,1,2025-04-07
BM,1,2025-04-07
BR,9,2025-04-07
CA,542,2025-04-07
CH,47,2025-04-07
CL,1,2025-04-07
CN,3,2025-04-07
CO,1,2025-04-07
CR,1,2025-04-07
CZ,12,2025-04-07
DE,162,2025-04-07
DK,31,2025-04-07
DO,1,2025-04-07
EE,2,2025-04-07
ES,99,2025-04-07
FI,114,2025-04-07
FR,308,2025-04-07
GB,194,2025-04-07
GE,1,2025-04-07
GG,1,2025-04-07
GI,1,2025-04-07
GR,6,2025-04-07
HK,5,2025-04-07
HR,5,2025-04-07
HU,25,2025-04-07
ID,2,2025-04-07
IE,8,2025-04-07
IL,18,2025-04-07
IN,1,2025-04-07
IT,108,2025-04-07
JO,1,2025-04-07
JP,76,2025-04-07
LT,1,2025-04-07
LU,3,2025-04-07
MA,1,2025-04-07
MV,1,2025-04-07
MX,12,2025-04-07
MY,3,2025-04-07
NC,1,2025-04-07
NL,96,2025-04-07
NO,11,2025-04-07
NZ,72,2025-04-07
PA,1,2025-04-07
PH,2,2025-04-07
PL,54,2025-04-07
PR,2,2025-04-07
PT,13,2025-04-07
QA,1,2025-04-07
RO,5,2025-04-07
RS,5,2025-04-07
RU,1,2025-04-07
SE,100,2025-04-07
SG,3,2025-04-07
SI,7,2025-04-07
SK,2,2025-04-07
SM,1,2025-04-07
TH,10,2025-04-07
TR,6,2025-04-07
TW,8,2025-04-07
US,8321,2025-04-07
VE,1,2025-04-07
VI,2,2025-04-07
ZA,10,2025-04-07
AD,1,2025-04-14
AE,6,2025-04-14
AR,23,2025-04-14
AT,83,2025-04-14
AU,516,2025-04-14
AX,2,2025-04-14
BA,1,2025-04-14
BE,89,2025-04-14
BG,3,2025-04-14
BH,1,2025-04-14
BM,1,2025-04-14
BR,9,2025-04-14
CA,540,2025-04-14
CH,47,2025-04-14
CL,1,2025-04-14
CN,3,2025-04-14
CO,1,2025-04-14
CR,1,2025-04-14
CU,1,2025-04-14
CZ,13,2025-04-14
DE,165,2025-04-14
DK,31,2025-04-14
DO,1,2025-04-14
EE,2,2025-04-14
ES,100,2025-04-14
FI,114,2025-04-14
FR,311,2025-04-14
GB,196,2025-04-14
GE,1,2025-04-14
GG,1,2025-04-14
GI,1,2025-04-14
GR,6,2025-04-14
HK,5,2025-04-14
HR,5,2025-04-14
HU,26,2025-04-14
ID,2,2025-04-14
IE,8,2025-04-14
IL,18,2025-04-14
IN,1,2025-04-14
IT,109,2025-04-14
JO,1,2025-04-14
JP,76,2025-04-14
LT,1,2025-04-14
LU,3,2025-04-14
MA,1,2025-04-14
MV,1,2025-04-14
MX,12,2025-04-14
MY,3,2025-04-14
NC,1,2025-04-14
NL,97,2025-04-14
NO,11,2025-04-14
NZ,72,2025-04-14
PA,1,2025-04-14
PH,2,2025-04-14
PL,55,2025-04-14
PR,2,2025-04-14
PT,17,2025-04-14
QA,1,2025-04-14
RO,5,2025-04-14
RS,5,2025-04-14
RU,1,2025-04-14
SE,102,2025-04-14
SG,4,2025-04-14
SI,7,2025-04-14
SK,2,2025-04-14
SM,1,2025-04-14
TH,10,2025-04-14
TR,6,2025-04-14
TW,8,2025-04-14
US,8361,2025-04-14
VE,1,2025-04-14
VI,2,2025-04-14
ZA,10,2025-04-14
AD,1,2025-04-21
AE,6,2025-04-21
AR,23,2025-04-21
AT,83,2025-04-21
AU,519,2025-04-21
AX,2,2025-04-21
BA,1,2025-04-21
BE,89,2025-04-21
BG,3,2025-04-21
BH,1,2025-04-21
BM,1,2025-04-21
BR,9,2025-04-21
CA,539,2025-04-21
CH,47,2025-04-21
CL,1,2025-04-21
CN,3,2025-04-21
CO,1,2025-04-21
CR,1,2025-04-21
CU,1,2025-04-21
CZ,13,2025-04-21
DE,166,2025-04-21
DJ,1,2025-04-21
DK,31,2025-04-21
DO,1,2025-04-21
EE,2,2025-04-21
ES,99,2025-04-21
FI,114,2025-04-21
FR,313,2025-04-21
GB,193,2025-04-21
GE,1,2025-04-21
GG,1,2025-04-21
GI,1,2025-04-21
GR,6,2025-04-21
HK,5,2025-04-21
HR,5,2025-04-21
HU,26,2025-04-21
ID,2,2025-04-21
IE,8,2025-04-21
IL,18,2025-04-21
IN,1,2025-04-21
IT,111,2025-04-21
JO,1,2025-04-21
JP,76,2025-04-21
LT,1,2025-04-21
LU,3,2025-04-21
MA,1,2025-04-21
MG,1,2025-04-21
MV,1,2025-04-21
MX,12,2025-04-21
MY,3,2025-04-21
NC,1,2025-04-21
NL,97,2025-04-21
NO,11,2025-04-21
NZ,72,2025-04-21
PA,1,2025-04-21
PH,2,2025-04-21
PL,55,2025-04-21
PR,2,2025-04-21
PT,17,2025-04-21
QA,1,2025-04-21
RO,5,2025-04-21
RS,5,2025-04-21
RU,1,2025-04-21
SE,102,2025-04-21
SG,4,2025-04-21
SI,7,2025-04-21
SK,2,2025-04-21
SM,1,2025-04-21
TH,10,2025-04-21
TR,6,2025-04-21
TW,8,2025-04-21
US,8370,2025-04-21
VE,1,2025-04-21
VI,2,2025-04-21
ZA,10,2025-04-21
AD,1,2025-04-28
AE,6,2025-04-28
AR,23,2025-04-28
AT,83,2025-04-28
AU,522,2025-04-28
AX,3,2025-04-28
BA,1,2025-04-28
BE,89,2025-04-28
BG,3,2025-04-28
BH,1,2025-04-28
BM,1,2025-04-28
BR,9,2025-04-28
CA,538,2025-04-28
CH,47,2025-04-28
CL,1,2025-04-28
CN,3,2025-04-28
CO,1,2025-04-28
CR,1,2025-04-28
CU,1,2025-04-28
CZ,13,2025-04-28
DE,168,2025-04-28
DJ,1,2025-04-28
DK,31,2025-04-28
DO,1,2025-04-28
EE,2,2025-04-28
ES,99,2025-04-28
FI,114,2025-04-28
FR,316,2025-04-28
GB,198,2025-04-28
GE,1,2025-04-28
GG,1,2025-04-28
GI,1,2025-04-28
GR,6,2025-04-28
HK,5,2025-04-28
HR,5,2025-04-28
HU,26,2025-04-28
ID,2,2025-04-28
IE,8,2025-04-28
IL,18,2025-04-28
IN,1,2025-04-28
IT,110,2025-04-28
JO,1,2025-04-28
JP,77,2025-04-28
LT,1,2025-04-28
LU,3,2025-04-28
MA,1,2025-04-28
MG,1,2025-04-28
MV,1,2025-04-28
MX,12,2025-04-28
MY,3,2025-04-28
NC,1,2025-04-28
NL,97,2025-04-28
NO,11,2025-04-28
NZ,72,2025-04-28
PA,1,2025-04-28
PH,2,2025-04-28
PL,55,2025-04-28
PR,2,2025-04-28
PT,17,2025-04-28
QA,1,2025-04-28
RO,5,2025-04-28
RS,5,2025-04-28
RU,1,2025-04-28
SE,102,2025-04-28
SG,4,2025-04-28
SI,7,2025-04-28
SK,2,2025-04-28
SM,1,2025-04-28
TH,10,2025-04-28
TR,6,2025-04-28
TW,8,2025-04-28
US,8382,2025-04-28
VE,1,2025-04-28
VI,2,2025-04-28
ZA,10,2025-04-28
AD,1,2025-05-05
AE,6,2025-05-05
AR,23,2025-05-05
AT,83,2025-05-05
AU,524,2025-05-05
AX,3,2025-05-05
BA,1,2025-05-05
BE,89,2025-05-05
BG,3,2025-05-05
BH,1,2025-05-05
BM,1,2025-05-05
BR,9,2025-05-05
CA,540,2025-05-05
CH,47,2025-05-05
CL,1,2025-05-05
CN,3,2025-05-05
CR,1,2025-05-05
CU,1,2025-05-05
CZ,14,2025-05-05
DE,168,2025-05-05
DJ,1,2025-05-05
DK,31,2025-05-05
DO,1,2025-05-05
EE,2,2025-05-05
ES,96,2025-05-05
FI,116,2025-05-05
FR,321,2025-05-05
GB,199,2025-05-05
GE,1,2025-05-05
GG,1,2025-05-05
GI,1,2025-05-05
GR,6,2025-05-05
HK,5,2025-05-05
HR,5,2025-05-05
HU,26,2025-05-05
ID,2,2025-05-05
IE,8,2025-05-05
IL,18,2025-05-05
IN,1,2025-05-05
IT,110,2025-05-05
JO,1,2025-05-05
JP,76,2025-05-05
LI,2,2025-05-05
LT,1,2025-05-05
LU,3,2025-05-05
MA,1,2025-05-05
MG,1,2025-05-05
MT,1,2025-05-05
MV,2,2025-05-05
MX,12,2025-05-05
MY,3,2025-05-05
NC,1,2025-05-05
NL,99,2025-05-05
NO,11,2025-05-05
NZ,72,2025-05-05
PA,1,2025-05-05
PH,2,2025-05-05
PL,55,2025-05-05
PR,2,2025-05-05
PT,17,2025-05-05
QA,1,2025-05-05
RO,5,2025-05-05
RS,5,2025-05-05
RU,1,2025-05-05
SE,102,2025-05-05
SG,4,2025-05-05
SI,7,2025-05-05
SK,2,2025-05-05
SM,1,2025-05-05
TH,10,2025-05-05
TR,6,2025-05-05
TW,8,2025-05-05
US,8406,2025-05-05
VE,1,2025-05-05
VI,2,2025-05-05
ZA,10,2025-05-05
AD,1,2025-05-12
AE,6,2025-05-12
AR,23,2025-05-12
AT,83,2025-05-12
AU,524,2025-05-12
AX,3,2025-05-12
BA,1,2025-05-12
BE,89,2025-05-12
BG,3,2025-05-12
BH,1,2025-05-12
BM,1,2025-05-12
BR,9,2025-05-12
CA,541,2025-05-12
CH,47,2025-05-12
CL,1,2025-05-12
CN,3,2025-05-12
CR,1,2025-05-12
CU,1,2025-05-12
CZ,14,2025-05-12
DE,170,2025-05-12
DJ,1,2025-05-12
DK,31,2025-05-12
DO,1,2025-05-12
EE,2,2025-05-12
ES,96,2025-05-12
FI,116,2025-05-12
FR,336,2025-05-12
GB,199,2025-05-12
GE,1,2025-05-12
GG,1,2025-05-12
GI,1,2025-05-12
GR,6,2025-05-12
HK,5,2025-05-12
HR,5,2025-05-12
HU,26,2025-05-12
ID,2,2025-05-12
IE,8,2025-05-12
IL,17,2025-05-12
IN,1,2025-05-12
IT,110,2025-05-12
JO,1,2025-05-12
JP,76,2025-05-12
LI,2,2025-05-12
LT,1,2025-05-12
LU,3,2025-05-12
MA,1,2025-05-12
MG,1,2025-05-12
MT,1,2025-05-12
MV,2,2025-05-12
MX,12,2025-05-12
MY,3,2025-05-12
NC,1,2025-05-12
NL,99,2025-05-12
NO,11,2025-05-12
NZ,72,2025-05-12
PA,1,2025-05-12
PH,2,2025-05-12
PL,55,2025-05-12
PR,2,2025-05-12
PT,17,2025-05-12
QA,1,2025-05-12
RO,5,2025-05-12
RS,5,2025-05-12
RU,1,2025-05-12
SE,102,2025-05-12
SG,4,2025-05-12
SI,7,2025-05-12
SK,2,2025-05-12
SM,1,2025-05-12
TH,10,2025-05-12
TR,6,2025-05-12
TW,8,2025-05-12
US,8416,2025-05-12
VE,1,2025-05-12
VI,2,2025-05-12
ZA,10,2025-05-12
AD,1,2025-05-19
AE,6,2025-05-19
AR,23,2025-05-19
AT,83,2025-05-19
AU,534,2025-05-19
AX,3,2025-05-19
BA,1,2025-05-19
BE,89,2025-05-19
BG,3,2025-05-19
BH,1,2025-05-19
BM,1,2025-05-19
BR,9,2025-05-19
CA,545,2025-05-19
CH,47,2025-05-19
CL,1,2025-05-19
CN,3,2025-05-19
CR,1,2025-05-19
CU,1,2025-05-19
CZ,14,2025-05-19
DE,173,2025-05-19
DJ,1,2025-05-19
DK,31,2025-05-19
DO,1,2025-05-19
EE,2,2025-05-19
ES,98,2025-05-19
FI,113,2025-05-19
FR,348,2025-05-19
GB,200,2025-05-19
GE,1,2025-05-19
GG,1,2025-05-19
GI,1,2025-05-19
GR,6,2025-05-19
HK,5,2025-05-19
HR,5,2025-05-19
HU,26,2025-05-19
ID,2,2025-05-19
IE,7,2025-05-19
IL,17,2025-05-19
IN,1,2025-05-19
IT,112,2025-05-19
JO,1,2025-05-19
JP,76,2025-05-19
LI,2,2025-05-19
LT,1,2025-05-19
LU,3,2025-05-19
MA,1,2025-05-19
MG,1,2025-05-19
MT,1,2025-05-19
MV,2,2025-05-19
MX,12,2025-05-19
MY,3,2025-05-19
NC,1,2025-05-19
NL,99,2025-05-19
NO,11,2025-05-19
NZ,72,2025-05-19
PA,1,2025-05-19
PH,2,2025-05-19
PL,55,2025-05-19
PR,2,2025-05-19
PT,17,2025-05-19
QA,1,2025-05-19
RO,5,2025-05-19
RS,5,2025-05-19
RU,1,2025-05-19
SE,103,2025-05-19
SG,4,2025-05-19
SI,7,2025-05-19
SK,2,2025-05-19
SM,1,2025-05-19
TH,10,2025-05-19
TR,6,2025-05-19
TW,8,2025-05-19
US,8444,2025-05-19
VE,1,2025-05-19
VI,2,2025-05-19
ZA,10,2025-05-19
AD,1,2025-05-26
AE,6,2025-05-26
AR,23,2025-05-26
AT,83,2025-05-26
AU,535,2025-05-26
AX,3,2025-05-26
BA,1,2025-05-26
BE,89,2025-05-26
BG,3,2025-05-26
BH,1,2025-05-26
BM,1,2025-05-26
BR,9,2025-05-26
CA,542,2025-05-26
CH,47,2025-05-26
CL,1,2025-05-26
CN,3,2025-05-26
CR,1,2025-05-26
CU,1,2025-05-26
CZ,14,2025-05-26
DE,179,2025-05-26
DJ,1,2025-05-26
DK,31,2025-05-26
DO,1,2025-05-26
EE,2,2025-05-26
ES,100,2025-05-26
FI,112,2025-05-26
FR,351,2025-05-26
GB,202,2025-05-26
GE,1,2025-05-26
GG,1,2025-05-26
GI,1,2025-05-26
GR,6,2025-05-26
HK,5,2025-05-26
HR,5,2025-05-26
HU,26,2025-05-26
ID,2,2025-05-26
IE,7,2025-05-26
IL,17,2025-05-26
IN,1,2025-05-26
IT,112,2025-05-26
JO,1,2025-05-26
JP,77,2025-05-26
LI,2,2025-05-26
LT,1,2025-05-26
LU,3,2025-05-26
MA,1,2025-05-26
MG,1,2025-05-26
MT,1,2025-05-26
MV,2,2025-05-26
MX,12,2025-05-26
MY,3,2025-05-26
NC,1,2025-05-26
NL,99,2025-05-26
NO,11,2025-05-26
NZ,72,2025-05-26
PA,1,2025-05-26
PH,2,2025-05-26
PL,55,2025-05-26
PR,2,2025-05-26
PT,17,2025-05-26
QA,1,2025-05-26
RO,5,2025-05-26
RS,5,2025-05-26
RU,1,2025-05-26
SE,103,2025-05-26
SG,4,2025-05-26
SI,7,2025-05-26
SK,2,2025-05-26
SM,1,2025-05-26
TH,10,2025-05-26
TR,6,2025-05-26
TW,8,2025-05-26
US,8451,2025-05-26
VE,1,2025-05-26
VI,2,2025-05-26
ZA,10,2025-05-26
AD,1,2025-06-02
AE,6,2025-06-02
AR,23,2025-06-02
AT,83,2025-06-02
AU,534,2025-06-02
AX,3,2025-06-02
BA,1,2025-06-02
BE,89,2025-06-02
BG,3,2025-06-02
BH,1,2025-06-02
BM,1,2025-06-02
BR,9,2025-06-02
CA,543,2025-06-02
CH,47,2025-06-02
CL,1,2025-06-02
CN,3,2025-06-02
CR,1,2025-06-02
CU,1,2025-06-02
CZ,14,2025-06-02
DE,181,2025-06-02
DJ,1,2025-06-02
DK,31,2025-06-02
DO,1,2025-06-02
EE,2,2025-06-02
ES,100,2025-06-02
FI,112,2025-06-02
FR,352,2025-06-02
GB,201,2025-06-02
GE,1,2025-06-02
GG,1,2025-06-02
GI,1,2025-06-02
GR,6,2025-06-02
HK,5,2025-06-02
HR,5,2025-06-02
HU,26,2025-06-02
ID,2,2025-06-02
IE,7,2025-06-02
IL,16,2025-06-02
IN,1,2025-06-02
IT,113,2025-06-02
JO,1,2025-06-02
JP,78,2025-06-02
LI,2,2025-06-02
LT,1,2025-06-02
LU,3,2025-06-02
MA,1,2025-06-02
MG,1,2025-06-02
MT,1,2025-06-02
MV,2,2025-06-02
MX,11,2025-06-02
MY,3,2025-06-02
NC,1,2025-06-02
NL,98,2025-06-02
NO,11,2025-06-02
NZ,72,2025-06-02
PA,1,2025-06-02
PH,2,2025-06-02
PL,55,2025-06-02
PR,2,2025-06-02
PT,18,2025-06-02
QA,1,2025-06-02
RO,5,2025-06-02
RS,5,2025-06-02
RU,1,2025-06-02
SE,103,2025-06-02
SG,4,2025-06-02
SI,7,2025-06-02
SK,2,2025-06-02
SM,1,2025-06-02
TH,10,2025-06-02
TR,6,2025-06-02
TW,8,2025-06-02
US,8457,2025-06-02
VE,1,2025-06-02
VI,2,2025-06-02
ZA,10,2025-06-02
AD,1,2025-06-09
AE,6,2025-06-09
AR,23,2025-06-09
AT,83,2025-06-09
AU,537,2025-06-09
AX,3,2025-06-09
BA,1,2025-06-09
BE,88,2025-06-09
BG,3,2025-06-09
BH,1,2025-06-09
BM,1,2025-06-09
BR,9,2025-06-09
CA,542,2025-06-09
CH,47,2025-06-09
CL,1,2025-06-09
CN,4,2025-06-09
CR,1,2025-06-09
CU,1,2025-06-09
CZ,15,2025-06-09
DE,183,2025-06-09
DJ,1,2025-06-09
DK,31,2025-06-09
DO,1,2025-06-09
EE,2,2025-06-09
ES,101,2025-06-09
FI,112,2025-06-09
FR,354,2025-06-09
GB,201,2025-06-09
GE,1,2025-06-09
GG,1,2025-06-09
GI,1,2025-06-09
GR,6,2025-06-09
HK,5,2025-06-09
HR,5,2025-06-09
HU,26,2025-06-09
ID,2,2025-06-09
IE,7,2025-06-09
IL,16,2025-06-09
IN,1,2025-06-09
IT,113,2025-06-09
JO,1,2025-06-09
JP,77,2025-06-09
LI,2,2025-06-09
LT,1,2025-06-09
LU,3,2025-06-09
MA,1,2025-06-09
MG,1,2025-06-09
MT,1,2025-06-09
MV,2,2025-06-09
MX,15,2025-06-09
MY,3,2025-06-09
NC,1,2025-06-09
NL,98,2025-06-09
NO,11,2025-06-09
NZ,72,2025-06-09
PA,1,2025-06-09
PH,2,2025-06-09
PL,55,2025-06-09
PR,2,2025-06-09
PT,19,2025-06-09
QA,1,2025-06-09
RO,5,2025-06-09
RS,5,2025-06-09
RU,1,2025-06-09
SE,103,2025-06-09
SG,4,2025-06-09
SI,7,2025-06-09
SK,2,2025-06-09
SM,1,2025-06-09
TH,10,2025-06-09
TR,6,2025-06-09
TW,8,2025-06-09
US,8472,2025-06-09
VE,1,2025-06-09
VI,2,2025-06-09
ZA,10,2025-06-09
